<?xml version="1.0" encoding="UTF-8"?>
<project-private xmlns="http://www.netbeans.org/ns/project-private/1">
    <editor-bookmarks xmlns="http://www.netbeans.org/ns/editor-bookmarks/2" lastBookmarkId="0"/>
    <open-files xmlns="http://www.netbeans.org/ns/projectui-open-files/2">
        <group>
            <file>file:/D:/JAVA_PROGRAMMING/registration_project/src/Dashboard.java</file>
            <file>file:/D:/JAVA_PROGRAMMING/registration_project/src/Final_message.java</file>
            <file>file:/D:/JAVA_PROGRAMMING/registration_project/src/question_paper_temp.java</file>
            <file>file:/D:/JAVA_PROGRAMMING/registration_project/src/Registration.java</file>
            <file>file:/D:/JAVA_PROGRAMMING/registration_project/src/Question_list.java</file>
            <file>file:/D:/JAVA_PROGRAMMING/registration_project/src/user_statistics.java</file>
            <file>file:/D:/JAVA_PROGRAMMING/registration_project/src/Login.java</file>
            <file>file:/D:/JAVA_PROGRAMMING/registration_project/src/Admin_dashboard.java</file>
            <file>file:/D:/JAVA_PROGRAMMING/registration_project/src/Question_Add.java</file>
        </group>
    </open-files>
</project-private>
